https://shopee.sg/LG-OLEDC2-55-OLED-Evo-4K-Smart-TV-i.258397439.14680279343?sp_atk=a25ca6e1-7a48-48ad-b07b-ab6d0e206f7b&xptdk=a25ca6e1-7a48-48ad-b07b-ab6d0e206f7b,https://shopee.sg/search?keyword=lg%20smart%20tv,43.7997841835022
https://shopee.sg/LG-OLEDC2-55-OLED-Evo-4K-Smart-TV-i.258397439.14680279343?sp_atk=a25ca6e1-7a48-48ad-b07b-ab6d0e206f7b&xptdk=a25ca6e1-7a48-48ad-b07b-ab6d0e206f7b,https://shopee.sg/search?keyword=lg%20nanocell%20led%20tv,43.7997841835022
https://shopee.sg/LG-OLEDC2-55-OLED-Evo-4K-Smart-TV-i.258397439.14680279343?sp_atk=a25ca6e1-7a48-48ad-b07b-ab6d0e206f7b&xptdk=a25ca6e1-7a48-48ad-b07b-ab6d0e206f7b,https://shopee.sg/search?keyword=lg%20oled%20tv,43.7997841835022
https://shopee.sg/LG-OLEDC2-55-OLED-Evo-4K-Smart-TV-i.258397439.14680279343?sp_atk=a25ca6e1-7a48-48ad-b07b-ab6d0e206f7b&xptdk=a25ca6e1-7a48-48ad-b07b-ab6d0e206f7b,https://shopee.sg/search?category=2414&keyword=lg%20oled%20tv&subcategory=16257,43.7997841835022
https://shopee.sg/LG-OLEDC2-55-OLED-Evo-4K-Smart-TV-i.258397439.14680279343?sp_atk=a25ca6e1-7a48-48ad-b07b-ab6d0e206f7b&xptdk=a25ca6e1-7a48-48ad-b07b-ab6d0e206f7b,https://shopee.sg/search?keyword=oled%20smart%20tv,43.7997841835022
https://shopee.sg/LG-OLEDC2-55-OLED-Evo-4K-Smart-TV-i.258397439.14680279343?sp_atk=a25ca6e1-7a48-48ad-b07b-ab6d0e206f7b&xptdk=a25ca6e1-7a48-48ad-b07b-ab6d0e206f7b,https://shopee.sg/search?category=11027421&keyword=lg%20tv&subcategory=11027472,43.7997841835022
https://shopee.sg/LG-OLEDC2-55-OLED-Evo-4K-Smart-TV-i.258397439.14680279343?sp_atk=a25ca6e1-7a48-48ad-b07b-ab6d0e206f7b&xptdk=a25ca6e1-7a48-48ad-b07b-ab6d0e206f7b,https://shopee.sg/search?keyword=lg%20cx%20oled%20tv,43.7997841835022
https://shopee.sg/LG-OLEDC2-55-OLED-Evo-4K-Smart-TV-i.258397439.14680279343?sp_atk=a25ca6e1-7a48-48ad-b07b-ab6d0e206f7b&xptdk=a25ca6e1-7a48-48ad-b07b-ab6d0e206f7b,https://www.lazada.sg/products/lg-oled55c2psaatc-55-inch-lg-4k-self-lit-oled-c2-evo-tv-new-model-2022-3-years-local-manufacturer-warranty-i451930179.html,43.7997841835022
https://shopee.sg/LG-OLEDC2-55-OLED-Evo-4K-Smart-TV-i.258397439.14680279343?sp_atk=a25ca6e1-7a48-48ad-b07b-ab6d0e206f7b&xptdk=a25ca6e1-7a48-48ad-b07b-ab6d0e206f7b,https://shopee.sg/search?keyword=lg,43.7997841835022
https://shopee.sg/LG-OLEDC2-55-OLED-Evo-4K-Smart-TV-i.258397439.14680279343?sp_atk=a25ca6e1-7a48-48ad-b07b-ab6d0e206f7b&xptdk=a25ca6e1-7a48-48ad-b07b-ab6d0e206f7b,https://shopee.sg/search?category=11027421&keyword=lg%204k%20tv,43.7997841835022
https://shopee.sg/OnePlus-Type-C-Bullets-Earphones-with-Mic-Light-Weight-Dynamic-drive-Units-i.306210905.11717760306?sp_atk=eebeed65-1d24-44c0-8aa6-bc0360b20898&xptdk=eebeed65-1d24-44c0-8aa6-bc0360b20898,https://shopee.sg/search?keyword=bullet%20light,21.609844207763672
https://shopee.sg/OnePlus-Type-C-Bullets-Earphones-with-Mic-Light-Weight-Dynamic-drive-Units-i.306210905.11717760306?sp_atk=eebeed65-1d24-44c0-8aa6-bc0360b20898&xptdk=eebeed65-1d24-44c0-8aa6-bc0360b20898,https://shopee.sg/OnePlus-Type-C-Bullets-Earphones-For-OnePlus-Phone-1-To-1-Exchange-Warranty-i.93785607.2634782524,21.609844207763672
https://shopee.sg/OnePlus-Type-C-Bullets-Earphones-with-Mic-Light-Weight-Dynamic-drive-Units-i.306210905.11717760306?sp_atk=eebeed65-1d24-44c0-8aa6-bc0360b20898&xptdk=eebeed65-1d24-44c0-8aa6-bc0360b20898,https://shopee.sg/speedmobileclub,21.609844207763672
https://shopee.sg/OnePlus-Type-C-Bullets-Earphones-with-Mic-Light-Weight-Dynamic-drive-Units-i.306210905.11717760306?sp_atk=eebeed65-1d24-44c0-8aa6-bc0360b20898&xptdk=eebeed65-1d24-44c0-8aa6-bc0360b20898,https://www.lazada.sg/products/original-oneplus-type-c-bullets-earphones-oneplus-bullets-2t-in-ear-headset-with-remote-mic-for-oneplus-7-pro-6t-7t-mobile-phone-i546242941.html,21.609844207763672
https://shopee.sg/OnePlus-Type-C-Bullets-Earphones-with-Mic-Light-Weight-Dynamic-drive-Units-i.306210905.11717760306?sp_atk=eebeed65-1d24-44c0-8aa6-bc0360b20898&xptdk=eebeed65-1d24-44c0-8aa6-bc0360b20898,https://www.lazada.sg/products/sony-wi-c400-wireless-in-ear-neck-band-headphones-with-20-hrs-battery-life-light-weight-bluetooth-headset-with-mic-for-phone-calls-1-year-official-warranty-i1289134093.html,21.609844207763672
https://shopee.sg/OnePlus-Type-C-Bullets-Earphones-with-Mic-Light-Weight-Dynamic-drive-Units-i.306210905.11717760306?sp_atk=eebeed65-1d24-44c0-8aa6-bc0360b20898&xptdk=eebeed65-1d24-44c0-8aa6-bc0360b20898,https://www.lazada.sg/tag/flat-cable-earphone/,21.609844207763672
https://shopee.sg/OnePlus-Type-C-Bullets-Earphones-with-Mic-Light-Weight-Dynamic-drive-Units-i.306210905.11717760306?sp_atk=eebeed65-1d24-44c0-8aa6-bc0360b20898&xptdk=eebeed65-1d24-44c0-8aa6-bc0360b20898,https://shopee.sg/%F0%9F%94%A5One-day-shipment%F0%9F%94%A5-Remax-RM-512-3.5mm-Wired-Music-Earphone-With-Mic-Heavy-Bass-Metal-Earpiece-In-ear-Stereo-Headphone-i.443986603.7889292965,21.609844207763672
https://shopee.sg/OnePlus-Type-C-Bullets-Earphones-with-Mic-Light-Weight-Dynamic-drive-Units-i.306210905.11717760306?sp_atk=eebeed65-1d24-44c0-8aa6-bc0360b20898&xptdk=eebeed65-1d24-44c0-8aa6-bc0360b20898,https://shopee.sg/Lenovo-HE08-Neckband-Wireless-Bluetooth-Earphone-In-Ear-Headset-with-Mic-Sweatproof-(Amazing-Sound-Quality-Heavy-Bass)-i.58819851.7189862879,21.609844207763672
https://shopee.sg/OnePlus-Type-C-Bullets-Earphones-with-Mic-Light-Weight-Dynamic-drive-Units-i.306210905.11717760306?sp_atk=eebeed65-1d24-44c0-8aa6-bc0360b20898&xptdk=eebeed65-1d24-44c0-8aa6-bc0360b20898,https://www.lazada.sg/products/original-sony-mdr-ex15ap-35mm-wired-earbud-in-ear-subwoofer-stereo-earphones-hands-free-with-mic-for-xiaomi-huawei-sony-phone-i657690811.html,21.609844207763672
https://shopee.sg/OnePlus-Type-C-Bullets-Earphones-with-Mic-Light-Weight-Dynamic-drive-Units-i.306210905.11717760306?sp_atk=eebeed65-1d24-44c0-8aa6-bc0360b20898&xptdk=eebeed65-1d24-44c0-8aa6-bc0360b20898,https://www.lazada.sg/products/awei-es970i-es660i-high-performance-headphone-wired-35mm-jack-explosive-bass-in-ear-with-mic-earphone-for-all-smart-phone-i643940308.html,21.609844207763672
